"store_id","year","month","sum"
1,"2005","6","13.00062893081761006265"
2,"2005","6","15.84830827067669172930"
1,"2005","7","45.02396226415094339623"
2,"2005","7","52.85808270676691729321"
1,"2005","8","37.52827044025157232675"
2,"2005","8","45.62462406015037593987"
1,"2006","2","0.76446540880503144641"
2,"2006","2","1.01909774436090225562"
